{"time/step":282.6776840686798,"time/training":282.6738392310217,"train/loss":13.546919822692871,"_runtime":11038.022515102,"_step":36,"_wandb":{"runtime":11038},"train/learning_rate":0.00019999999494757503,"_timestamp":1.7665649463190107e+09,"train/grad_norm":30.2867374420166}