{"_runtime":411.913152247,"train/learning_rate":0.00019999999494757503,"train/loss":0.04248720407485962,"_step":22,"time/step":13.05867052078247,"_timestamp":1.7665732761015804e+09,"train/grad_norm":0.11956566572189331,"time/training":13.053555503487587,"_wandb":{"runtime":411}}