{"train/learning_rate":0.00019999999494757503,"_runtime":853.585262493,"train/loss":0.04077277332544327,"train/grad_norm":0.05667351931333542,"time/step":16.181572437286377,"time/training":16.17666323762387,"_step":44,"_timestamp":1.7665710943284e+09,"_wandb":{"runtime":853}}